,Unnamed: 0,Line,English name,Russian name,Coordinates,Arts & Entertainment,College & University,Food,Nightlife Spot,Outdoors & Recreation,Professional & Other Places,Residence,Shop & Service,Travel & Transport
0,0,1,Bulvar Rokossovskogo,Бульвар Рокоссовского,"55.8148,37.7342",0.03816793893129771,0.07291666666666666,0.03319502074688796,0.039735099337748346,0.0898876404494382,0.23958333333333331,0.08333333333333333,0.271356783919598,0.06521739130434781
1,1,1,Cherkizovskaya,Черкизовская,"55.8038,37.7448",0.03816793893129771,0.24999999999999997,0.03734439834024897,0.026490066225165563,0.20224719101123595,0.19791666666666666,0.09722222222222221,0.17587939698492464,0.07608695652173914
2,2,1,Preobrazhenskaya Ploshchad,Преображенская площадь,"55.7963,37.7151",0.09923664122137404,0.26041666666666663,0.11618257261410787,0.033112582781456956,0.3370786516853932,0.5729166666666666,0.29166666666666663,0.40201005025125625,0.11956521739130435
3,3,1,Sokolniki,Сокольники,"55.7888,37.6802",0.12213740458015267,0.19791666666666666,0.21991701244813278,0.08609271523178808,0.4719101123595505,0.46875,0.375,0.40201005025125625,0.16304347826086954
4,4,1,Krasnoselskaya,Красносельская,"55.7801,37.6673",0.23664122137404578,0.24999999999999997,0.43153526970954353,0.18543046357615894,0.2696629213483146,0.6979166666666666,0.3194444444444444,0.4522613065326633,0.7282608695652173
5,5,1,Komsomolskaya,Комсомольская,"55.7753,37.6562",0.2213740458015267,0.3333333333333333,0.36099585062240663,0.12582781456953643,0.4044943820224719,0.78125,0.3333333333333333,0.3969849246231156,0.9130434782608695
6,6,1,Krasnye Vorota,Красные ворота,"55.7690,37.6487",0.3969465648854962,0.4895833333333333,0.43983402489626555,0.25165562913907286,0.6067415730337078,0.9166666666666666,0.3472222222222222,0.5728643216080402,0.7826086956521738
7,7,1,Chistyye Prudy,Чистые пруды,"55.7657,37.6388",0.5114503816793893,0.5520833333333334,0.8008298755186722,0.8211920529801324,0.6629213483146067,0.9322916666666666,0.4583333333333333,0.6884422110552764,0.7608695652173912
8,8,1,Lubyanka,Лубянка,"55.7597,37.6272",0.8091603053435115,0.6666666666666666,1.0,1.0,1.0,0.9739583333333333,0.2777777777777778,0.9999999999999999,0.9999999999999999
9,9,1,Okhotny Ryad,Охотный ряд,"55.7577,37.6166",0.916030534351145,0.8541666666666666,0.6307053941908715,0.5695364238410596,1.0,0.9895833333333333,0.2638888888888889,0.9949748743718593,0.826086956521739
10,10,1,Biblioteka Imeni Lenina,Библиотека имени Ленина,"55.7512,37.6100",0.8396946564885496,0.7291666666666666,0.5269709543568465,0.2847682119205298,0.7303370786516854,0.8489583333333333,0.4305555555555555,0.7185929648241206,0.6739130434782609
11,11,1,Kropotkinskaya,Кропоткинская,"55.7453,37.6037",0.6793893129770993,0.53125,0.5560165975103735,0.31788079470198677,0.7528089887640449,0.8802083333333333,0.5555555555555556,0.4824120603015075,0.5217391304347826
12,12,1,Park Kultury,Парк культуры,"55.7356,37.5943",0.38167938931297707,0.625,0.37344398340248963,0.1456953642384106,0.6404494382022472,0.6614583333333333,0.5972222222222222,0.4422110552763819,0.4565217391304348
13,13,1,Frunzenskaya,Фрунзенская,"55.7267,37.5786",0.19083969465648853,0.7291666666666666,0.2821576763485477,0.08609271523178808,0.449438202247191,0.609375,0.6805555555555555,0.5376884422110553,0.22826086956521738
14,14,1,Sportivnaya,Спортивная,"55.7233,37.5639",0.11450381679389313,0.47916666666666663,0.2033195020746888,0.059602649006622516,0.5280898876404494,0.5572916666666666,0.41666666666666663,0.37688442211055273,0.15217391304347824
15,15,1,Vorobyovy Gory,Воробьёвы горы,"55.7103,37.5592",0.030534351145038167,0.15625,0.12033195020746888,0.046357615894039736,0.5730337078651685,0.26041666666666663,0.09722222222222221,0.06532663316582915,0.14130434782608695
16,16,1,Universitet,Университет,"55.6926,37.5333",0.0916030534351145,0.8229166666666666,0.1701244813278008,0.026490066225165563,0.3370786516853932,0.359375,0.3333333333333333,0.5276381909547738,0.10869565217391303
17,17,1,Prospekt Vernadskogo,Проспект Вернадского,"55.6771,37.5060",0.030534351145038167,0.09374999999999999,0.12863070539419086,0.033112582781456956,0.23595505617977527,0.40104166666666663,0.5138888888888888,0.2814070351758794,0.09782608695652173
18,18,1,Yugo-Zapadnaya,Юго-Западная,"55.6637,37.4833",0.10687022900763359,0.8125,0.23651452282157676,0.039735099337748346,0.3707865168539326,0.40104166666666663,0.5833333333333333,0.39195979899497485,0.16304347826086954
19,19,1,Troparyovo,Тропарёво,"55.6459,37.4725",0.030534351145038167,0.14583333333333334,0.06224066390041494,0.033112582781456956,0.2584269662921348,0.29166666666666663,0.3194444444444444,0.19095477386934676,0.09782608695652173
20,20,1,Rumyantsevo,Румянцево,"55.6330,37.4419",0.015267175572519083,0.03125,0.14107883817427386,0.026490066225165563,0.02247191011235955,0.22395833333333331,0.013888888888888888,0.1407035175879397,0.05434782608695652
21,21,1,Salaryevo,Саларьево,"55.6227,37.4240",0.007633587786259542,0.0,0.004149377593360995,0.013245033112582781,0.0449438202247191,0.026041666666666664,0.0,0.03015075376884422,0.021739130434782608
22,22,2,Khovrino,Ховрино,"55.8791,37.4822",0.03816793893129771,0.07291666666666666,0.004149377593360995,0.019867549668874173,0.15730337078651685,0.09375,0.06944444444444445,0.08040201005025126,0.07608695652173914
23,23,2,Belomorskaya,Беломорская,"55.8658,37.4764",0.015267175572519083,0.32291666666666663,0.07053941908713693,0.046357615894039736,0.2696629213483146,0.2864583333333333,0.4444444444444444,0.271356783919598,0.15217391304347824
24,24,2,Rechnoy Vokzal,Речной вокзал,"55.8549,37.4761",0.04580152671755725,0.06249999999999999,0.1037344398340249,0.026490066225165563,0.21348314606741572,0.3177083333333333,0.19444444444444442,0.3618090452261306,0.28260869565217395
25,25,2,Vodny Stadion,Водный стадион,"55.8398,37.4867",0.061068702290076333,0.12499999999999999,0.17427385892116182,0.052980132450331126,0.2921348314606741,0.35416666666666663,0.2777777777777778,0.4371859296482412,0.13043478260869565
26,26,2,Voykovskaya,Войковская,"55.8190,37.4980",0.10687022900763359,0.5104166666666666,0.24481327800829872,0.039735099337748346,0.4606741573033708,0.5104166666666666,0.2361111111111111,0.7085427135678392,0.19565217391304346
27,27,2,Sokol,Сокол,"55.8051,37.5153",0.15267175572519084,0.44791666666666663,0.26141078838174275,0.13245033112582782,0.5168539325842696,0.49479166666666663,0.5,0.4472361809045226,0.23913043478260868
28,28,2,Aeroport,Аэропорт,"55.8003,37.5329",0.11450381679389313,0.6145833333333334,0.18672199170124482,0.046357615894039736,0.4831460674157303,0.6979166666666666,0.5138888888888888,0.4422110552763819,0.19565217391304346
29,29,2,Dinamo,Динамо,"55.7897,37.5580",0.09923664122137404,0.15625,0.17427385892116182,0.09933774834437085,0.3595505617977528,0.453125,0.4583333333333333,0.3316582914572864,0.17391304347826086
30,30,2,Belorusskaya,Белорусская,"55.7767,37.5835",0.38167938931297707,0.6875,0.5643153526970954,0.2847682119205298,0.4831460674157303,0.8697916666666666,0.7222222222222222,0.7035175879396984,0.6521739130434782
31,31,2,Mayakovskaya,Маяковская,"55.7701,37.5958",0.5725190839694656,0.5520833333333334,0.7966804979253113,0.7218543046357616,0.8202247191011236,0.8854166666666666,0.8055555555555555,0.7989949748743719,0.7391304347826086
32,32,2,Tverskaya,Тверская,"55.7647,37.6065",1.0,0.5520833333333334,0.7510373443983402,0.7947019867549668,0.9775280898876404,0.8385416666666666,0.6527777777777778,0.7989949748743719,0.9021739130434782
33,33,2,Teatralnaya,Театральная,"55.7578,37.6190",0.7786259541984732,0.8645833333333334,0.5809128630705395,0.5165562913907285,0.9438202247191011,0.84375,0.20833333333333331,0.8944723618090452,0.7934782608695652
34,34,2,Novokuznetskaya,Новокузнецкая,"55.7415,37.6295",0.45038167938931295,0.6041666666666666,0.43568464730290457,0.23178807947019867,0.5842696629213483,0.875,0.4722222222222222,0.5979899497487438,0.5217391304347826
35,35,2,Paveletskaya,Павелецкая,"55.7305,37.6377",0.35877862595419846,0.9999999999999999,0.5518672199170125,0.19205298013245034,0.6741573033707865,0.9270833333333333,0.3611111111111111,0.542713567839196,0.7282608695652173
36,36,2,Avtozavodskaya,Автозаводская,"55.7074,37.6576",0.1297709923664122,0.29166666666666663,0.21161825726141079,0.12582781456953643,0.3932584269662921,0.5208333333333333,0.2638888888888889,0.4120603015075377,0.15217391304347824
37,37,2,Tekhnopark,Технопарк,"55.6950,37.6641",0.030534351145038167,0.020833333333333336,0.13692946058091285,0.033112582781456956,0.20224719101123595,0.25,0.041666666666666664,0.3115577889447236,0.06521739130434781
38,38,2,Kolomenskaya,Коломенская,"55.6785,37.6638",0.0916030534351145,0.09374999999999999,0.14937759336099585,0.046357615894039736,0.21348314606741572,0.3489583333333333,0.41666666666666663,0.37185929648241206,0.17391304347826086
39,39,2,Kashirskaya,Каширская,"55.6551,37.6487",0.030534351145038167,0.15625,0.09958506224066391,0.046357615894039736,0.0898876404494382,0.29166666666666663,0.05555555555555555,0.16080402010050251,0.04347826086956522
40,40,2,Kantemirovskaya,Кантемировская,"55.6358,37.6564",0.022900763358778626,0.08333333333333333,0.08713692946058092,0.039735099337748346,0.23595505617977527,0.234375,0.3194444444444444,0.34673366834170855,0.08695652173913043
41,41,2,Tsaritsyno,Царицыно,"55.6214,37.6694",0.030534351145038167,0.03125,0.09543568464730291,0.046357615894039736,0.20224719101123595,0.18229166666666666,0.18055555555555555,0.21105527638190955,0.11956521739130435
42,42,2,Orekhovo,Орехово,"55.6132,37.6949",0.04580152671755725,0.07291666666666666,0.016597510373443983,0.019867549668874173,0.2247191011235955,0.21354166666666666,0.2222222222222222,0.15577889447236182,0.13043478260869565
43,43,2,Domodedovskaya,Домодедовская,"55.6108,37.7186",0.030534351145038167,0.052083333333333336,0.1950207468879668,0.033112582781456956,0.1797752808988764,0.2708333333333333,0.375,0.41708542713567837,0.09782608695652173
44,44,2,Krasnogvardeyskaya,Красногвардейская,"55.6137,37.7444",0.030534351145038167,0.06249999999999999,0.11203319502074689,0.026490066225165563,0.23595505617977527,0.22395833333333331,0.4861111111111111,0.3417085427135678,0.09782608695652173
45,45,2,Alma-Atinskaya,Алма-Атинская,"55.6326,37.7660",0.030534351145038167,0.06249999999999999,0.06224066390041494,0.026490066225165563,0.10112359550561797,0.140625,0.25,0.3366834170854271,0.03260869565217391
46,46,3,Pyatnitskoye Shosse,Пятницкое шоссе,"55.8563,37.3544",0.015267175572519083,0.06249999999999999,0.058091286307053944,0.026490066225165563,0.21348314606741572,0.26041666666666663,0.3611111111111111,0.3316582914572864,0.05434782608695652
47,47,3,Mitino,Митино,"55.8457,37.3622",0.03816793893129771,0.07291666666666666,0.09128630705394192,0.039735099337748346,0.348314606741573,0.2708333333333333,0.4583333333333333,0.3969849246231156,0.13043478260869565
48,48,3,Volokolamskaya,Волоколамская,"55.8354,37.3822",0.04580152671755725,0.03125,0.049792531120331954,0.052980132450331126,0.15730337078651685,0.22395833333333331,0.18055555555555555,0.22110552763819097,0.05434782608695652
49,49,3,Myakinino,Мякинино,"55.8252,37.3852",0.07633587786259542,0.07291666666666666,0.16182572614107882,0.026490066225165563,0.1797752808988764,0.08333333333333333,0.1388888888888889,0.3517587939698492,0.04347826086956522
50,50,3,Strogino,Строгино,"55.8038,37.4031",0.03816793893129771,0.15625,0.11618257261410787,0.039735099337748346,0.2921348314606741,0.38541666666666663,0.38888888888888884,0.35678391959798994,0.21739130434782608
51,51,3,Krylatskoye,Крылатское,"55.7567,37.4081",0.03816793893129771,0.13541666666666666,0.11618257261410787,0.026490066225165563,0.3258426966292135,0.390625,0.5555555555555556,0.4422110552763819,0.04347826086956522
52,52,3,Molodyozhnaya,Молодёжная,"55.7408,37.4168",0.061068702290076333,0.3020833333333333,0.14937759336099585,0.033112582781456956,0.3258426966292135,0.375,0.5,0.5125628140703518,0.09782608695652173
53,53,3,Kuntsevskaya,Кунцевская,"55.7307,37.4459",0.07633587786259542,0.06249999999999999,0.041493775933609964,0.033112582781456956,0.4044943820224719,0.34375,0.2638888888888889,0.27638190954773867,0.14130434782608695
54,54,3,Slavyansky Bulvar,Славянский бульвар,"55.7296,37.4706",0.022900763358778626,0.07291666666666666,0.13692946058091285,0.026490066225165563,0.23595505617977527,0.33854166666666663,0.4444444444444444,0.38190954773869346,0.04347826086956522
55,55,3,Park Pobedy,Парк Победы,"55.7362,37.5182",0.08396946564885496,0.16666666666666666,0.16182572614107882,0.039735099337748346,0.3146067415730337,0.5,0.29166666666666663,0.20603015075376885,0.14130434782608695
56,56,3,Kiyevskaya,Киевская,"55.7442,37.5645",0.22900763358778625,0.21875,0.3983402489626556,0.17218543046357615,0.5280898876404494,0.5520833333333333,0.8194444444444444,0.7889447236180904,0.5652173913043478
57,57,3,Smolenskaya,Смоленская,"55.7474,37.5823",0.46564885496183206,0.26041666666666663,0.4771784232365145,0.2119205298013245,0.595505617977528,0.875,1.0,0.5326633165829145,0.5652173913043478
58,58,3,Arbatskaya,Арбатская,"55.7522,37.6061",0.9541984732824427,0.7395833333333334,0.5767634854771785,0.304635761589404,0.7528089887640449,0.9270833333333333,0.5833333333333333,0.6331658291457286,0.7608695652173912
59,59,3,Ploshchad Revolyutsii,Площадь Революции,"55.7566,37.6216",0.7709923664122137,0.8020833333333334,0.8174273858921163,0.7086092715231788,0.8876404494382022,0.8854166666666666,0.19444444444444442,0.9095477386934673,0.8043478260869564
60,60,3,Kurskaya,Курская,"55.7576,37.6577",0.564885496183206,0.8645833333333334,0.4854771784232365,0.31788079470198677,0.8202247191011236,0.7760416666666666,0.5138888888888888,0.8241206030150754,0.7717391304347826
61,61,3,Baumanskaya,Бауманская,"55.7730,37.6806",0.32061068702290074,0.8958333333333334,0.24481327800829872,0.17880794701986755,0.5730337078651685,0.765625,0.25,0.4773869346733668,0.27173913043478265
62,62,3,Elektrozavodskaya,Электрозаводская,"55.7817,37.7037",0.22900763358778625,0.49999999999999994,0.24896265560165975,0.06622516556291391,0.24719101123595502,0.59375,0.2361111111111111,0.5125628140703518,0.10869565217391303
63,63,3,Semyonovskaya,Семёновская,"55.7833,37.7208",0.12213740458015267,0.7083333333333334,0.22821576763485477,0.10596026490066225,0.2584269662921348,0.46875,0.18055555555555555,0.4974874371859296,0.09782608695652173
64,64,3,Partizanskaya,Партизанская,"55.7886,37.7506",0.09923664122137404,0.08333333333333333,0.14107883817427386,0.046357615894039736,0.21348314606741572,0.23958333333333331,0.09722222222222221,0.22613065326633167,0.13043478260869565
65,65,3,Izmaylovskaya,Измайловская,"55.7878,37.7814",0.030534351145038167,0.35416666666666663,0.06639004149377593,0.033112582781456956,0.1348314606741573,0.25,0.09722222222222221,0.3366834170854271,0.03260869565217391
66,66,3,Pervomayskaya,Первомайская,"55.7948,37.7993",0.0916030534351145,0.5625,0.12448132780082989,0.0728476821192053,0.3258426966292135,0.44791666666666663,0.18055555555555555,0.38190954773869346,0.09782608695652173
67,67,3,Shchyolkovskaya,Щёлковская,"55.8094,37.7986",0.030534351145038167,0.15625,0.1037344398340249,0.026490066225165563,0.20224719101123595,0.22395833333333331,0.3333333333333333,0.3618090452261306,0.14130434782608695
68,68,4,Kuntsevskaya,Кунцевская,"55.7307,37.4459",0.07633587786259542,0.06249999999999999,0.041493775933609964,0.033112582781456956,0.4044943820224719,0.34375,0.2638888888888889,0.27638190954773867,0.14130434782608695
69,69,4,Pionerskaya,Пионерская,"55.7360,37.4671",0.015267175572519083,0.07291666666666666,0.04564315352697096,0.033112582781456956,0.3370786516853932,0.27604166666666663,0.2361111111111111,0.12060301507537688,0.03260869565217391
70,70,4,Filyovsky Park,Филёвский парк,"55.7396,37.4833",0.015267175572519083,0.11458333333333333,0.07883817427385892,0.033112582781456956,0.23595505617977527,0.3020833333333333,0.2222222222222222,0.32160804020100503,0.08695652173913043
71,71,4,Bagrationovskaya,Багратионовская,"55.7438,37.4977",0.07633587786259542,0.14583333333333334,0.16182572614107882,0.052980132450331126,0.3820224719101123,0.4114583333333333,0.2638888888888889,0.457286432160804,0.16304347826086954
72,72,4,Fili,Фили,"55.7460,37.5150",0.07633587786259542,0.24999999999999997,0.1950207468879668,0.052980132450331126,0.2247191011235955,0.40625,0.2361111111111111,0.36683417085427134,0.14130434782608695
73,73,4,Kutuzovskaya,Кутузовская,"55.7399,37.5344",0.10687022900763359,0.32291666666666663,0.24896265560165975,0.07947019867549669,0.3033707865168539,0.6979166666666666,0.375,0.4371859296482412,0.23913043478260868
74,74,4,Studencheskaya,Студенческая,"55.7388,37.5483",0.07633587786259542,0.21875,0.11203319502074689,0.052980132450331126,0.24719101123595502,0.4739583333333333,0.375,0.4371859296482412,0.27173913043478265
75,75,4,Mezhdunarodnaya,Международная,"55.7483,37.5339",0.15267175572519084,0.3020833333333333,0.27800829875518673,0.09933774834437085,0.3595505617977528,0.7708333333333333,0.25,0.6432160804020101,0.3804347826086957
76,76,4,Vystavochnaya,Выставочная,"55.7502,37.5408",0.16030534351145037,0.23958333333333334,0.2821576763485477,0.12582781456953643,0.4831460674157303,0.765625,0.4444444444444444,0.7085427135678392,0.41304347826086957
77,77,4,Kiyevskaya,Киевская,"55.7436,37.5655",0.23664122137404578,0.23958333333333334,0.43568464730290457,0.19205298013245034,0.5617977528089887,0.6145833333333333,0.861111111111111,0.7889447236180904,0.5217391304347826
78,78,4,Smolenskaya,Смоленская,"55.7488,37.5825",0.549618320610687,0.37499999999999994,0.4605809128630705,0.23841059602649006,0.6179775280898876,0.859375,0.986111111111111,0.5326633165829145,0.5760869565217391
79,79,4,Arbatskaya,Арбатская,"55.7518,37.6007",0.9923664122137404,0.7916666666666666,0.6556016597510373,0.3443708609271523,0.8089887640449438,0.921875,0.7222222222222222,0.5025125628140703,0.7608695652173912
80,80,4,Aleksandrovsky Sad,Александровский сад,"55.7525,37.6085",0.9236641221374046,0.7604166666666666,0.6016597510373445,0.31788079470198677,0.797752808988764,0.9583333333333333,0.5,0.7035175879396984,0.7826086956521738
81,81,5,Kiyevskaya,Киевская,"55.7446,37.5644",0.22900763358778625,0.20833333333333334,0.3651452282157676,0.16556291390728478,0.5168539325842696,0.5572916666666666,0.8333333333333333,0.7839195979899497,0.5652173913043478
82,82,5,Krasnopresnenskaya,Краснопресненская,"55.7613,37.5774",0.45038167938931295,0.43749999999999994,0.45228215767634855,0.2913907284768212,0.6741573033707865,0.9114583333333333,0.6944444444444444,0.5979899497487438,0.33695652173913043
83,83,5,Belorusskaya,Белорусская,"55.7764,37.5844",0.3893129770992366,0.6145833333333334,0.5892116182572614,0.32450331125827814,0.4831460674157303,0.875,0.736111111111111,0.7035175879396984,0.6413043478260869
84,84,5,Novoslobodskaya,Новослободская,"55.7799,37.6028",0.3893129770992366,0.6979166666666666,0.45643153526970953,0.33112582781456956,0.6292134831460674,0.828125,0.5416666666666666,0.6281407035175879,0.3804347826086957
85,85,5,Prospekt Mira,Проспект Мира,"55.7798,37.6318",0.23664122137404578,0.24999999999999997,0.3153526970954357,0.16556291390728478,0.5056179775280898,0.875,0.5416666666666666,0.5577889447236181,0.3695652173913044
86,86,5,Komsomolskaya,Комсомольская,"55.7748,37.6549",0.21374045801526717,0.31249999999999994,0.36099585062240663,0.15894039735099338,0.4269662921348314,0.78125,0.3472222222222222,0.4472361809045226,0.9565217391304347
87,87,5,Kurskaya,Курская,"55.7570,37.6595",0.5343511450381679,0.875,0.42323651452282157,0.32450331125827814,0.7303370786516854,0.7916666666666666,0.41666666666666663,0.8090452261306532,0.6956521739130435
88,88,5,Taganskaya,Таганская,"55.7418,37.6517",0.366412213740458,0.5208333333333334,0.45643153526970953,0.304635761589404,0.6179775280898876,0.828125,0.5972222222222222,0.5879396984924623,0.4891304347826087
89,89,5,Paveletskaya,Павелецкая,"55.7318,37.6379",0.3969465648854962,0.96875,0.4605809128630705,0.19205298013245034,0.6741573033707865,0.875,0.41666666666666663,0.5226130653266331,0.7282608695652173
90,90,5,Dobryninskaya,Добрынинская,"55.7291,37.6243",0.282442748091603,0.9479166666666666,0.37344398340248963,0.1986754966887417,0.5842696629213483,0.8229166666666666,0.40277777777777773,0.5326633165829145,0.5543478260869564
91,91,5,Oktyabrskaya,Октябрьская,"55.7297,37.6091",0.2748091603053435,0.6354166666666666,0.34024896265560167,0.152317880794702,0.8089887640449438,0.7395833333333333,0.4861111111111111,0.4321608040201005,0.47826086956521735
92,92,5,Park Kultury,Парк культуры,"55.7357,37.5915",0.35877862595419846,0.6145833333333334,0.3651452282157676,0.13245033112582782,0.5730337078651685,0.6302083333333333,0.625,0.4321608040201005,0.4565217391304348
93,93,6,Medvedkovo,Медведково,"55.8872,37.6613",0.030534351145038167,0.12499999999999999,0.09543568464730291,0.07947019867549669,0.2921348314606741,0.29166666666666663,0.25,0.3366834170854271,0.08695652173913043
94,94,6,Babushkinskaya,Бабушкинская,"55.8694,37.6644",0.022900763358778626,0.21875,0.12863070539419086,0.046357615894039736,0.3033707865168539,0.35416666666666663,0.3611111111111111,0.3969849246231156,0.08695652173913043
95,95,6,Sviblovo,Свиблово,"55.8552,37.6527",0.04580152671755725,0.12499999999999999,0.11203319502074689,0.026490066225165563,0.20224719101123595,0.33854166666666663,0.40277777777777773,0.3266331658291457,0.06521739130434781
96,96,6,Botanichesky Sad,Ботанический сад,"55.8449,37.6383",0.03816793893129771,0.20833333333333334,0.09128630705394192,0.033112582781456956,0.2921348314606741,0.24479166666666666,0.1388888888888889,0.18090452261306533,0.08695652173913043
97,97,6,VDNKh,ВДНХ,"55.8211,37.6411",0.12213740458015267,0.35416666666666663,0.18672199170124482,0.06622516556291391,0.3033707865168539,0.3645833333333333,0.29166666666666663,0.37185929648241206,0.358695652173913
98,98,6,Alekseyevskaya,Алексеевская,"55.8088,37.6390",0.0916030534351145,0.4583333333333333,0.16182572614107882,0.06622516556291391,0.348314606741573,0.609375,0.4444444444444444,0.4371859296482412,0.14130434782608695
99,99,6,Rizhskaya,Рижская,"55.7936,37.6362",0.061068702290076333,0.21875,0.09958506224066391,0.0728476821192053,0.19101123595505617,0.40625,0.375,0.34673366834170855,0.17391304347826086
100,100,6,Prospekt Mira,Проспект Мира,"55.7812,37.6318",0.22900763358778625,0.23958333333333334,0.35684647302904565,0.18543046357615894,0.5168539325842696,0.8854166666666666,0.5277777777777778,0.5125628140703518,0.358695652173913
101,101,6,Sukharevskaya,Сухаревская,"55.7733,37.6319",0.4580152671755725,0.35416666666666663,0.43983402489626555,0.40397350993377484,0.4943820224719101,0.8854166666666666,0.4444444444444444,0.7587939698492462,0.5652173913043478
102,102,6,Turgenevskaya,Тургеневская,"55.7661,37.6374",0.549618320610687,0.6041666666666666,0.8713692946058091,0.8609271523178808,0.7078651685393258,1.0,0.4305555555555555,0.7135678391959799,0.8043478260869564
103,103,6,Kitay-gorod,Китай-город,"55.7553,37.6333",0.6030534351145038,0.71875,0.5850622406639004,0.7019867549668874,0.8089887640449438,0.84375,0.25,0.7035175879396984,0.7391304347826086
104,104,6,Tretyakovskaya,Третьяковская,"55.7412,37.6274",0.47328244274809156,0.625,0.42738589211618255,0.23841059602649006,0.6179775280898876,0.90625,0.4722222222222222,0.6030150753768844,0.5108695652173912
105,105,6,Oktyabrskaya,Октябрьская,"55.7306,37.6112",0.282442748091603,0.43749999999999994,0.37344398340248963,0.18543046357615894,0.7303370786516854,0.71875,0.40277777777777773,0.41708542713567837,0.5108695652173912
106,106,6,Shabolovskaya,Шаболовская,"55.7198,37.6083",0.21374045801526717,0.6979166666666666,0.2821576763485477,0.16556291390728478,0.5730337078651685,0.765625,0.5555555555555556,0.4472361809045226,0.22826086956521738
107,107,6,Leninsky Prospekt,Ленинский проспект,"55.7077,37.5861",0.09923664122137404,0.16666666666666666,0.2033195020746888,0.052980132450331126,0.3258426966292135,0.4895833333333333,0.29166666666666663,0.6281407035175879,0.17391304347826086
108,108,6,Akademicheskaya,Академическая,"55.6877,37.5733",0.05343511450381679,0.19791666666666666,0.1825726141078838,0.059602649006622516,0.3707865168539326,0.5416666666666666,0.5277777777777778,0.4924623115577889,0.14130434782608695
109,109,6,Profsoyuznaya,Профсоюзная,"55.6780,37.5627",0.11450381679389313,0.3333333333333333,0.17427385892116182,0.046357615894039736,0.3033707865168539,0.5520833333333333,0.4861111111111111,0.36683417085427134,0.13043478260869565
110,110,6,Novye Cheryomushki,Новые Черёмушки,"55.6702,37.5544",0.07633587786259542,0.38541666666666663,0.1908713692946058,0.033112582781456956,0.3707865168539326,0.5052083333333333,0.5833333333333333,0.34673366834170855,0.10869565217391303
111,111,6,Kaluzhskaya,Калужская,"55.6571,37.5405",0.030534351145038167,0.14583333333333334,0.1784232365145228,0.033112582781456956,0.20224719101123595,0.5833333333333333,0.05555555555555555,0.3165829145728643,0.13043478260869565
112,112,6,Belyayevo,Беляево,"55.6428,37.5257",0.061068702290076333,0.23958333333333334,0.11203319502074689,0.07947019867549669,0.4044943820224719,0.375,0.375,0.3969849246231156,0.09782608695652173
113,113,6,Konkovo,Коньково,"55.6333,37.5188",0.022900763358778626,0.09374999999999999,0.11203319502074689,0.046357615894039736,0.3932584269662921,0.328125,0.4305555555555555,0.40703517587939697,0.07608695652173914
114,114,6,Tyoply Stan,Тёплый Стан,"55.6191,37.5082",0.0916030534351145,0.010416666666666666,0.07468879668049792,0.06622516556291391,0.12359550561797752,0.19270833333333331,0.1388888888888889,0.38190954773869346,0.08695652173913043
115,115,6,Yasenevo,Ясенево,"55.6063,37.5333",0.022900763358778626,0.11458333333333333,0.058091286307053944,0.039735099337748346,0.2808988764044944,0.359375,0.40277777777777773,0.38190954773869346,0.07608695652173914
116,116,6,Novoyasenevskaya,Новоясеневская,"55.6010,37.5541",0.03816793893129771,0.06249999999999999,0.004149377593360995,0.033112582781456956,0.10112359550561797,0.11979166666666666,0.18055555555555555,0.14572864321608042,0.021739130434782608
117,117,7,Planernaya,Планерная,"55.8607,37.4364",0.022900763358778626,0.1875,0.09543568464730291,0.026490066225165563,0.23595505617977527,0.28125,0.3611111111111111,0.2814070351758794,0.10869565217391303
118,118,7,Skhodnenskaya,Сходненская,"55.8505,37.4396",0.030534351145038167,0.13541666666666666,0.14522821576763484,0.039735099337748346,0.3146067415730337,0.3645833333333333,0.4305555555555555,0.507537688442211,0.14130434782608695
119,119,7,Tushinskaya,Тушинская,"55.8267,37.4368",0.030534351145038167,0.06249999999999999,0.09958506224066391,0.039735099337748346,0.12359550561797752,0.26041666666666663,0.125,0.27638190954773867,0.07608695652173914
120,120,7,Spartak,Спартак,"55.8182,37.4352",0.015267175572519083,0.020833333333333336,0.03319502074688796,0.026490066225165563,0.033707865168539325,0.16666666666666666,0.05555555555555555,0.09045226130653267,0.03260869565217391
121,121,7,Shchukinskaya,Щукинская,"55.8086,37.4641",0.030534351145038167,0.14583333333333334,0.1037344398340249,0.033112582781456956,0.3370786516853932,0.328125,0.4305555555555555,0.4723618090452261,0.22826086956521738
122,122,7,Oktyabrskoye Polye,Октябрьское поле,"55.7935,37.4935",0.11450381679389313,0.13541666666666666,0.12448132780082989,0.059602649006622516,0.2808988764044944,0.453125,0.4583333333333333,0.4120603015075377,0.17391304347826086
123,123,7,Polezhayevskaya,Полежаевская,"55.7775,37.5192",0.03816793893129771,0.12499999999999999,0.14937759336099585,0.039735099337748346,0.16853932584269662,0.3958333333333333,0.38888888888888884,0.40201005025125625,0.17391304347826086
124,124,7,Begovaya,Беговая,"55.7738,37.5468",0.030534351145038167,0.16666666666666666,0.14107883817427386,0.052980132450331126,0.16853932584269662,0.5,0.29166666666666663,0.26130653266331655,0.08695652173913043
125,125,7,Ulitsa 1905 Goda,Улица 1905 года,"55.7650,37.5613",0.3053435114503817,0.3020833333333333,0.26141078838174275,0.16556291390728478,0.4157303370786517,0.6875,0.6388888888888888,0.6080402010050251,0.17391304347826086
126,126,7,Barrikadnaya,Баррикадная,"55.7612,37.5795",0.4351145038167939,0.44791666666666663,0.46473029045643155,0.271523178807947,0.6629213483146067,0.8020833333333333,0.6944444444444444,0.5577889447236181,0.391304347826087
127,127,7,Pushkinskaya,Пушкинская,"55.7650,37.6079",0.9465648854961831,0.625,0.7759336099585062,0.8278145695364238,0.9550561797752808,0.8333333333333333,0.6388888888888888,0.7587939698492462,0.9239130434782609
128,128,7,Kuznetsky Most,Кузнецкий мост,"55.7606,37.6259",0.7938931297709924,0.6458333333333334,0.8464730290456431,0.8807947019867549,0.8764044943820224,0.890625,0.29166666666666663,0.9999999999999999,0.9456521739130435
129,129,7,Kitay-gorod,Китай-город,"55.7553,37.6333",0.6030534351145038,0.71875,0.5850622406639004,0.7019867549668874,0.8089887640449438,0.84375,0.25,0.7035175879396984,0.7391304347826086
130,130,7,Taganskaya,Таганская,"55.7402,37.6522",0.34351145038167935,0.5520833333333334,0.4730290456431535,0.33112582781456956,0.6067415730337078,0.8541666666666666,0.5972222222222222,0.6030150753768844,0.5
131,131,7,Proletarskaya,Пролетарская,"55.7319,37.6659",0.20610687022900762,0.38541666666666663,0.22821576763485477,0.16556291390728478,0.595505617977528,0.7291666666666666,0.6527777777777778,0.5577889447236181,0.3695652173913044
132,132,7,Volgogradsky Prospekt,Волгоградский проспект,"55.7253,37.6869",0.183206106870229,0.23958333333333334,0.15352697095435683,0.059602649006622516,0.3707865168539326,0.375,0.1111111111111111,0.36683417085427134,0.021739130434782608
133,133,7,Tekstilshchiki,Текстильщики,"55.7088,37.7316",0.061068702290076333,0.24999999999999997,0.1037344398340249,0.026490066225165563,0.20224719101123595,0.35416666666666663,0.2361111111111111,0.2562814070351759,0.11956521739130435
134,134,7,Kuzminki,Кузьминки,"55.7056,37.7656",0.0916030534351145,0.12499999999999999,0.12863070539419086,0.026490066225165563,0.14606741573033707,0.33854166666666663,0.20833333333333331,0.48743718592964824,0.05434782608695652
135,135,7,Ryazansky Prospekt,Рязанский проспект,"55.7170,37.7933",0.06870229007633588,0.19791666666666666,0.11203319502074689,0.052980132450331126,0.1797752808988764,0.3125,0.2222222222222222,0.3065326633165829,0.10869565217391303
136,136,7,Vykhino,Выхино,"55.7156,37.8181",0.03816793893129771,0.6666666666666666,0.07053941908713693,0.033112582781456956,0.0898876404494382,0.26041666666666663,0.3472222222222222,0.2914572864321608,0.13043478260869565
137,137,7,Lermontovsky Prospekt,Лермонтовский проспект,"55.7013,37.8525",0.022900763358778626,0.052083333333333336,0.05394190871369295,0.039735099337748346,0.11235955056179775,0.171875,0.19444444444444442,0.271356783919598,0.07608695652173914
138,138,7,Zhulebino,Жулебино,"55.6855,37.8563",0.03816793893129771,0.010416666666666666,0.12863070539419086,0.046357615894039736,0.2921348314606741,0.2708333333333333,0.3194444444444444,0.37688442211055273,0.11956521739130435
139,139,7,Kotelniki,Котельники,"55.6743,37.8582",0.022900763358778626,0.020833333333333336,0.07053941908713693,0.026490066225165563,0.12359550561797752,0.13541666666666666,0.20833333333333331,0.19597989949748745,0.05434782608695652
140,140,8A,Rasskazovka,Рассказовка,"55.6339,37.3347",0.022900763358778626,0.041666666666666664,0.02904564315352697,0.039735099337748346,0.0449438202247191,0.13020833333333331,0.15277777777777776,0.07537688442211056,0.010869565217391304
141,141,8A,Novoperedelkino,Новопеределкино,"55.6396,37.3552",0.015267175572519083,0.03125,0.04564315352697096,0.026490066225165563,0.15730337078651685,0.2552083333333333,0.2777777777777778,0.2562814070351759,0.08695652173913043
142,142,8A,Borovskoye Shosse,Боровское Шоссе,"55.6476,37.3701",0.04580152671755725,0.052083333333333336,0.00829875518672199,0.013245033112582781,0.02247191011235955,0.11979166666666666,0.1388888888888889,0.08040201005025126,0.03260869565217391
143,143,8A,Solntsevo,Солнцево,"55.6493,37.3909",0.022900763358778626,0.03125,0.016597510373443983,0.026490066225165563,0.10112359550561797,0.203125,0.15277777777777776,0.1306532663316583,0.07608695652173914
144,144,8A,Govorovo,Говорово,"55.6595,37.4172",0.030534351145038167,0.041666666666666664,0.02904564315352697,0.013245033112582781,0.033707865168539325,0.140625,0.125,0.15075376884422112,0.08695652173913043
145,145,8A,Ozyornaya,Озёрная,"55.6709,37.4491",0.030534351145038167,0.041666666666666664,0.04564315352697096,0.039735099337748346,0.1348314606741573,0.25,0.3194444444444444,0.1658291457286432,0.07608695652173914
146,146,8A,Michurinsky Prospekt,Мичуринский Проспект,"55.6896,37.4833",0.03816793893129771,0.09374999999999999,0.04564315352697096,0.033112582781456956,0.3033707865168539,0.28125,0.4861111111111111,0.22110552763819097,0.07608695652173914
147,147,8A,Ramenki,Раменки,"55.6975,37.4984",0.03816793893129771,0.08333333333333333,0.1037344398340249,0.052980132450331126,0.14606741573033707,0.3125,0.7222222222222222,0.40201005025125625,0.06521739130434781
148,148,8A,Lomonosovsky Prospekt,Ломоносовский проспект,"55.7069,37.5156",0.05343511450381679,0.8125,0.08713692946058092,0.046357615894039736,0.2247191011235955,0.3489583333333333,0.41666666666666663,0.3417085427135678,0.11956521739130435
149,149,8A,Minskaya,Минская,"55.7246,37.4970",0.03816793893129771,0.09374999999999999,0.024896265560165973,0.019867549668874173,0.1348314606741573,0.09375,0.05555555555555555,0.18592964824120603,0.021739130434782608
150,150,8A,Park Pobedy,Парк Победы,"55.7362,37.5182",0.08396946564885496,0.16666666666666666,0.16182572614107882,0.039735099337748346,0.3146067415730337,0.5,0.29166666666666663,0.20603015075376885,0.14130434782608695
151,151,8,Tretyakovskaya,Третьяковская,"55.7412,37.6274",0.47328244274809156,0.625,0.42738589211618255,0.23841059602649006,0.6179775280898876,0.90625,0.4722222222222222,0.6030150753768844,0.5108695652173912
152,152,8,Marksistskaya,Марксистская,"55.7411,37.6543",0.34351145038167935,0.5625,0.42738589211618255,0.32450331125827814,0.595505617977528,0.75,0.6388888888888888,0.6331658291457286,0.4565217391304348
153,153,8,Ploshchad Ilyicha,Площадь Ильича,"55.7472,37.6824",0.15267175572519084,0.41666666666666663,0.14522821576763484,0.06622516556291391,0.3258426966292135,0.40625,0.40277777777777773,0.2914572864321608,0.15217391304347824
154,154,8,Aviamotornaya,Авиамоторная,"55.7524,37.7191",0.09923664122137404,0.6770833333333334,0.23651452282157676,0.059602649006622516,0.21348314606741572,0.38541666666666663,0.15277777777777776,0.42713567839195976,0.09782608695652173
155,155,8,Shosse Entuziastov,Шоссе Энтузиастов,"55.7576,37.7500",0.03816793893129771,0.06249999999999999,0.1078838174273859,0.026490066225165563,0.14606741573033707,0.296875,0.06944444444444445,0.23618090452261306,0.07608695652173914
156,156,8,Perovo,Перово,"55.7511,37.7866",0.03816793893129771,0.15625,0.14107883817427386,0.039735099337748346,0.24719101123595502,0.3333333333333333,0.25,0.37688442211055273,0.14130434782608695
157,157,8,Novogireyevo,Новогиреево,"55.7517,37.8166",0.04580152671755725,0.10416666666666666,0.12033195020746888,0.0728476821192053,0.1348314606741573,0.27604166666666663,0.29166666666666663,0.4472361809045226,0.18478260869565216
158,158,8,Novokosino,Новокосино,"55.7451,37.8638",0.03816793893129771,0.07291666666666666,0.15767634854771784,0.059602649006622516,0.24719101123595502,0.265625,0.3611111111111111,0.4472361809045226,0.06521739130434781
159,159,9,Altufyevo,Алтуфьево,"55.8980,37.5870",0.022900763358778626,0.09374999999999999,0.07883817427385892,0.039735099337748346,0.2696629213483146,0.24479166666666666,0.4444444444444444,0.3115577889447236,0.04347826086956522
160,160,9,Bibirevo,Бибирево,"55.8838,37.6034",0.03816793893129771,0.07291666666666666,0.09543568464730291,0.046357615894039736,0.12359550561797752,0.3020833333333333,0.3333333333333333,0.2914572864321608,0.03260869565217391
161,161,9,Otradnoye,Отрадное,"55.8633,37.6047",0.05343511450381679,0.07291666666666666,0.09128630705394192,0.052980132450331126,0.2696629213483146,0.33854166666666663,0.5416666666666666,0.40703517587939697,0.10869565217391303
162,162,9,Vladykino,Владыкино,"55.8473,37.5899",0.03816793893129771,0.06249999999999999,0.1078838174273859,0.026490066225165563,0.07865168539325842,0.3020833333333333,0.05555555555555555,0.19597989949748745,0.21739130434782608
163,163,9,Petrovsko-Razumovskaya,Петровско-Разумовская,"55.8351,37.5745",0.03816793893129771,0.17708333333333334,0.06224066390041494,0.039735099337748346,0.16853932584269662,0.20833333333333331,0.20833333333333331,0.2964824120603015,0.13043478260869565
164,164,9,Timiryazevskaya,Тимирязевская,"55.8176,37.5765",0.061068702290076333,0.15625,0.08298755186721991,0.033112582781456956,0.3258426966292135,0.359375,0.4583333333333333,0.3366834170854271,0.18478260869565216
165,165,9,Dmitrovskaya,Дмитровская,"55.8069,37.5817",0.16793893129770993,0.17708333333333334,0.3112033195020747,0.10596026490066225,0.3258426966292135,0.6927083333333333,0.3333333333333333,0.5025125628140703,0.15217391304347824
166,166,9,Savyolovskaya,Савёловская,"55.7927,37.5885",0.29770992366412213,0.3020833333333333,0.3278008298755187,0.1456953642384106,0.5168539325842696,0.8229166666666666,0.375,0.5376884422110553,0.24999999999999997
167,167,9,Mendeleyevskaya,Менделеевская,"55.7810,37.6011",0.42748091603053434,0.75,0.4481327800829875,0.2980132450331126,0.6516853932584269,0.8229166666666666,0.4583333333333333,0.6080402010050251,0.3804347826086957
168,168,9,Tsvetnoy Bulvar,Цветной бульвар,"55.7708,37.6187",0.6412213740458015,0.47916666666666663,0.5601659751037344,0.5562913907284768,0.8202247191011236,0.8802083333333333,0.5277777777777778,0.7386934673366834,0.6195652173913043
169,169,9,Chekhovskaya,Чеховская,"55.7644,37.6097",1.0,0.6458333333333334,0.9751037344398341,0.8807947019867549,0.9550561797752808,0.8697916666666666,0.5555555555555556,0.8844221105527638,0.967391304347826
170,170,9,Borovitskaya,Боровицкая,"55.7511,37.6072",0.8473282442748091,0.7083333333333334,0.5186721991701245,0.2913907284768212,0.797752808988764,0.9583333333333333,0.5555555555555556,0.7336683417085427,0.7608695652173912
171,171,9,Polyanka,Полянка,"55.7379,37.6180",0.48854961832061067,0.6145833333333334,0.6390041493775934,0.3509933774834437,0.7078651685393258,0.8072916666666666,0.4861111111111111,0.5678391959798995,0.5652173913043478
172,172,9,Serpukhovskaya,Серпуховская,"55.7280,37.6246",0.3053435114503817,0.8645833333333334,0.3983402489626556,0.17880794701986755,0.5842696629213483,0.8697916666666666,0.38888888888888884,0.5226130653266331,0.5760869565217391
173,173,9,Tulskaya,Тульская,"55.7087,37.6229",0.16793893129770993,0.29166666666666663,0.24896265560165975,0.10596026490066225,0.2808988764044944,0.6145833333333333,0.3333333333333333,0.5276381909547738,0.23913043478260868
174,174,9,Nagatinskaya,Нагатинская,"55.6830,37.6224",0.030534351145038167,0.23958333333333334,0.1037344398340249,0.033112582781456956,0.19101123595505617,0.43229166666666663,0.16666666666666666,0.2663316582914573,0.14130434782608695
175,175,9,Nagornaya,Нагорная,"55.6724,37.6104",0.05343511450381679,0.12499999999999999,0.03319502074688796,0.026490066225165563,0.2808988764044944,0.19791666666666666,0.25,0.22110552763819097,0.09782608695652173
176,176,9,Nakhimovsky Prospekt,Нахимовский проспект,"55.6627,37.6055",0.061068702290076333,0.19791666666666666,0.058091286307053944,0.033112582781456956,0.19101123595505617,0.24479166666666666,0.4305555555555555,0.2562814070351759,0.11956521739130435
177,177,9,Sevastopolskaya,Севастопольская,"55.6524,37.5984",0.030534351145038167,0.11458333333333333,0.13278008298755187,0.052980132450331126,0.3370786516853932,0.36979166666666663,0.29166666666666663,0.3618090452261306,0.14130434782608695
178,178,9,Chertanovskaya,Чертановская,"55.6405,37.6067",0.03816793893129771,0.09374999999999999,0.08298755186721991,0.06622516556291391,0.449438202247191,0.328125,0.4583333333333333,0.3165829145728643,0.14130434782608695
179,179,9,Yuzhnaya,Южная,"55.6224,37.6090",0.030534351145038167,0.13541666666666666,0.09958506224066391,0.039735099337748346,0.3595505617977528,0.2708333333333333,0.3611111111111111,0.34673366834170855,0.13043478260869565
180,180,9,Prazhskaya,Пражская,"55.6124,37.6044",0.030534351145038167,0.10416666666666666,0.14107883817427386,0.06622516556291391,0.348314606741573,0.2552083333333333,0.3055555555555555,0.48743718592964824,0.16304347826086954
181,181,9,Ulitsa Akademika Yangelya,Улица академика Янгеля,"55.5949,37.6004",0.04580152671755725,0.11458333333333333,0.058091286307053944,0.0728476821192053,0.16853932584269662,0.32291666666666663,0.4861111111111111,0.32160804020100503,0.08695652173913043
182,182,9,Annino,Аннино,"55.5828,37.5966",0.022900763358778626,0.07291666666666666,0.04564315352697096,0.039735099337748346,0.02247191011235955,0.22916666666666666,0.18055555555555555,0.18090452261306533,0.03260869565217391
183,183,9,Bulvar Dmitriya Donskogo,Бульвар Дмитрия Донского,"55.5693,37.5769",0.04580152671755725,0.08333333333333333,0.08713692946058092,0.052980132450331126,0.3370786516853932,0.3177083333333333,0.4722222222222222,0.3869346733668342,0.09782608695652173
184,184,10,Seligerskaya,Селигерская,"55.865000,37.548333",0.06870229007633588,0.06249999999999999,0.06639004149377593,0.052980132450331126,0.1348314606741573,0.23958333333333331,0.18055555555555555,0.3015075376884422,0.13043478260869565
185,185,10,Verkhnie Likhobory,Верхние Лихоборы,"55.855833,37.561111",0.015267175572519083,0.052083333333333336,0.049792531120331954,0.06622516556291391,0.16853932584269662,0.2708333333333333,0.2361111111111111,0.19597989949748745,0.14130434782608695
186,186,10,Okruzhnaya,Окружная,"55.846000,37.574250",0.04580152671755725,0.13541666666666666,0.14937759336099585,0.039735099337748346,0.11235955056179775,0.3125,0.1111111111111111,0.23115577889447236,0.32608695652173914
187,187,10,Petrovsko-Razumovskaya,Петровско-Разумовская,"55.8351,37.5745",0.03816793893129771,0.17708333333333334,0.06224066390041494,0.039735099337748346,0.16853932584269662,0.20833333333333331,0.20833333333333331,0.2964824120603015,0.13043478260869565
188,188,10,Fonvizinskaya,Фонвизинская,"55.8228,37.5881",0.03816793893129771,0.19791666666666666,0.09543568464730291,0.039735099337748346,0.24719101123595502,0.359375,0.5,0.41708542713567837,0.19565217391304346
189,189,10,Butyrskaya,Бутырская,"55.8133,37.6028",0.030534351145038167,0.13541666666666666,0.07053941908713693,0.026490066225165563,0.11235955056179775,0.3958333333333333,0.06944444444444445,0.22110552763819097,0.14130434782608695
190,190,10,Maryina Roshcha,Марьина Роща,"55.7954,37.6162",0.1984732824427481,0.4895833333333333,0.21161825726141079,0.08609271523178808,0.3146067415730337,0.5260416666666666,0.29166666666666663,0.5778894472361809,0.14130434782608695
191,191,10,Dostoyevskaya,Достоевская,"55.7816,37.6151",0.40458015267175573,0.5104166666666666,0.43568464730290457,0.31788079470198677,0.6179775280898876,0.7760416666666666,0.4305555555555555,0.4623115577889447,0.33695652173913043
192,192,10,Trubnaya,Трубная,"55.7688,37.6200",0.7404580152671756,0.49999999999999994,0.7053941908713693,0.7682119205298014,0.8202247191011236,0.8541666666666666,0.4444444444444444,0.7537688442211056,0.6630434782608695
193,193,10,Sretensky Bulvar,Сретенский бульвар,"55.7668,37.6392",0.4809160305343511,0.5416666666666666,0.7759336099585062,0.7549668874172185,0.6292134831460674,0.9375,0.4305555555555555,0.7085427135678392,0.717391304347826
194,194,10,Chkalovskaya,Чкаловская,"55.7565,37.6573",0.5877862595419847,0.9479166666666666,0.43153526970954353,0.3509933774834437,0.7640449438202247,0.734375,0.4583333333333333,0.8391959798994975,0.717391304347826
195,195,10,Rimskaya,Римская,"55.7463,37.6819",0.15267175572519084,0.37499999999999994,0.14522821576763484,0.07947019867549669,0.3707865168539326,0.41666666666666663,0.4305555555555555,0.34673366834170855,0.16304347826086954
196,196,10,Krestyanskaya Zastava,Крестьянская застава,"55.7331,37.6673",0.2213740458015267,0.38541666666666663,0.23651452282157676,0.18543046357615894,0.6516853932584269,0.765625,0.7083333333333333,0.5778894472361809,0.34782608695652173
197,197,10,Dubrovka,Дубровка,"55.7186,37.6760",0.19083969465648853,0.08333333333333333,0.21161825726141079,0.09271523178807947,0.2696629213483146,0.4739583333333333,0.3194444444444444,0.4120603015075377,0.11956521739130435
198,198,10,Kozhukhovskaya,Кожуховская,"55.7074,37.6851",0.022900763358778626,0.19791666666666666,0.1825726141078838,0.039735099337748346,0.20224719101123595,0.40625,0.1388888888888889,0.271356783919598,0.08695652173913043
199,199,10,Pechatniki,Печатники,"55.6934,37.7270",0.022900763358778626,0.041666666666666664,0.05394190871369295,0.052980132450331126,0.07865168539325842,0.21875,0.2361111111111111,0.20100502512562815,0.04347826086956522
200,200,10,Volzhskaya,Волжская,"55.6909,37.7530",0.007633587786259542,0.08333333333333333,0.024896265560165973,0.026490066225165563,0.14606741573033707,0.203125,0.16666666666666666,0.10552763819095479,0.04347826086956522
201,201,10,Lyublino,Люблино,"55.6758,37.7618",0.030534351145038167,0.06249999999999999,0.06639004149377593,0.046357615894039736,0.21348314606741572,0.3333333333333333,0.25,0.32160804020100503,0.09782608695652173
202,202,10,Bratislavskaya,Братиславская,"55.6597,37.7505",0.06870229007633588,0.13541666666666666,0.21576763485477177,0.052980132450331126,0.3707865168539326,0.4427083333333333,0.4444444444444444,0.4824120603015075,0.07608695652173914
203,203,10,Maryino,Марьино,"55.6500,37.7431",0.03816793893129771,0.041666666666666664,0.16597510373443983,0.06622516556291391,0.2921348314606741,0.35416666666666663,0.4444444444444444,0.40703517587939697,0.07608695652173914
204,204,10,Borisovo,Борисово,"55.6334,37.7436",0.10687022900763359,0.10416666666666666,0.016597510373443983,0.026490066225165563,0.19101123595505617,0.16666666666666666,0.3333333333333333,0.11055276381909548,0.03260869565217391
205,205,10,Shipilovskaya,Шипиловская,"55.6211,37.7437",0.03816793893129771,0.041666666666666664,0.06639004149377593,0.026490066225165563,0.15730337078651685,0.22916666666666666,0.5138888888888888,0.2663316582914573,0.08695652173913043
206,206,10,Zyablikovo,Зябликово,"55.6124,37.7453",0.030534351145038167,0.06249999999999999,0.09543568464730291,0.033112582781456956,0.2247191011235955,0.25,0.5,0.35678391959798994,0.08695652173913043
207,207,11,Delovoy Tsentr,Деловой центр,"55.7475,37.5319",0.15267175572519084,0.32291666666666663,0.27800829875518673,0.09933774834437085,0.3820224719101123,0.7760416666666666,0.25,0.6633165829145728,0.358695652173913
208,208,11,Shelepikha,Шелепиха,"55.7567,37.5260",0.030534351145038167,0.24999999999999997,0.04564315352697096,0.033112582781456956,0.07865168539325842,0.328125,0.25,0.23618090452261306,0.13043478260869565
209,209,11,Khoroshyovskaya,Хорошёвская,"55.7768,37.5207",0.05343511450381679,0.12499999999999999,0.14522821576763484,0.039735099337748346,0.16853932584269662,0.40104166666666663,0.38888888888888884,0.40201005025125625,0.17391304347826086
210,210,11,CSKA,ЦСКА,"55.7866,37.5333",0.07633587786259542,0.08333333333333333,0.26556016597510373,0.06622516556291391,0.4044943820224719,0.43229166666666663,0.3611111111111111,0.5577889447236181,0.03260869565217391
211,211,11,Petrovsky Park,Петровский парк,"55.7918,37.5571",0.0916030534351145,0.1875,0.23236514522821575,0.08609271523178808,0.348314606741573,0.46354166666666663,0.41666666666666663,0.34673366834170855,0.16304347826086954
212,212,11,Savyolovskaya,Савёловская,"55.7936,37.5880",0.32061068702290074,0.28124999999999994,0.2863070539419087,0.1390728476821192,0.5617977528089887,0.875,0.38888888888888884,0.5376884422110553,0.22826086956521738
213,213,11A,Kashirskaya,Каширская,"55.6551,37.6487",0.030534351145038167,0.15625,0.09958506224066391,0.046357615894039736,0.0898876404494382,0.29166666666666663,0.05555555555555555,0.16080402010050251,0.04347826086956522
214,214,11A,Varshavskaya,Варшавская,"55.6533,37.6194",0.04580152671755725,0.13541666666666666,0.09543568464730291,0.033112582781456956,0.20224719101123595,0.328125,0.38888888888888884,0.35678391959798994,0.14130434782608695
215,215,11A,Kakhovskaya,Каховская,"55.6530,37.5983",0.030534351145038167,0.11458333333333333,0.13278008298755187,0.052980132450331126,0.3595505617977528,0.359375,0.29166666666666663,0.3618090452261306,0.14130434782608695
216,216,12,Bittsevsky Park,Битцевский парк,"55.6004,37.5562",0.022900763358778626,0.06249999999999999,0.0,0.019867549668874173,0.06741573033707865,0.09375,0.1388888888888889,0.08542713567839197,0.021739130434782608
217,217,12,Lesoparkovaya,Лесопарковая,"55.5821,37.5769",0.022900763358778626,0.03125,0.02074688796680498,0.06622516556291391,0.02247191011235955,0.09375,0.1111111111111111,0.11055276381909548,0.021739130434782608
218,218,12,Ulitsa Starokachalovskaya,Улица Старокачаловская,"55.5690,37.5767",0.04580152671755725,0.08333333333333333,0.09128630705394192,0.046357615894039736,0.3370786516853932,0.32291666666666663,0.4444444444444444,0.36683417085427134,0.09782608695652173
219,219,12,Ulitsa Skobelevskaya,Улица Скобелевская,"55.5481,37.5546",0.03816793893129771,0.08333333333333333,0.08713692946058092,0.039735099337748346,0.24719101123595502,0.26041666666666663,0.3472222222222222,0.34673366834170855,0.07608695652173914
220,220,12,Bulvar Admirala Ushakova,Бульвар Адмирала Ушакова,"55.5455,37.5430",0.03816793893129771,0.07291666666666666,0.1078838174273859,0.052980132450331126,0.2921348314606741,0.234375,0.4722222222222222,0.35678391959798994,0.09782608695652173
221,221,12,Ulitsa Gorchakova,Улица Горчакова,"55.5418,37.5308",0.015267175572519083,0.052083333333333336,0.058091286307053944,0.039735099337748346,0.2584269662921348,0.234375,0.375,0.24623115577889446,0.04347826086956522
222,222,12,Buninskaya Alleya,Бунинская аллея,"55.5380,37.5158",0.030534351145038167,0.052083333333333336,0.024896265560165973,0.026490066225165563,0.15730337078651685,0.234375,0.16666666666666666,0.2814070351758794,0.08695652173913043
223,223,13,Timiryazevskaya,Тимирязевская,"55.8190,37.5789",0.061068702290076333,0.1875,0.07883817427385892,0.039735099337748346,0.3258426966292135,0.3489583333333333,0.4583333333333333,0.40201005025125625,0.22826086956521738
224,224,13,Ulitsa Milashenkova,Улица Милашенкова,"55.8218,37.5911",0.04580152671755725,0.22916666666666666,0.13692946058091285,0.046357615894039736,0.24719101123595502,0.40104166666666663,0.4722222222222222,0.37185929648241206,0.18478260869565216
225,225,13,Teletsentr,Телецентр,"55.8218,37.6089",0.04580152671755725,0.16666666666666666,0.1784232365145228,0.033112582781456956,0.3033707865168539,0.375,0.20833333333333331,0.18090452261306533,0.10869565217391303
226,226,13,Ulitsa Akademika Korolyova,Улица Академика Королёва,"55.8218,37.6269",0.1297709923664122,0.15625,0.2033195020746888,0.046357615894039736,0.2584269662921348,0.46354166666666663,0.29166666666666663,0.27638190954773867,0.15217391304347824
227,227,13,Vystavochny Tsentr,Выставочный центр,"55.8240,37.6383",0.16793893129770993,0.38541666666666663,0.25311203319502074,0.06622516556291391,0.3258426966292135,0.4270833333333333,0.3194444444444444,0.3165829145728643,0.32608695652173914
228,228,13,Ulitsa Sergeya Eyzenshteyna,Улица Сергея Эйзенштейна,"55.8292,37.6449",0.19083969465648853,0.5520833333333334,0.26141078838174275,0.033112582781456956,0.4269662921348314,0.4114583333333333,0.2222222222222222,0.26130653266331655,0.24999999999999997
229,229,14,Okruzhnaya,Окружная,"55.8472,37.5694",0.030534351145038167,0.11458333333333333,0.11203319502074689,0.033112582781456956,0.10112359550561797,0.296875,0.15277777777777776,0.20100502512562815,0.28260869565217395
230,230,14,Vladykino,Владыкино,"55.8476,37.5930",0.03816793893129771,0.06249999999999999,0.09128630705394192,0.026490066225165563,0.06741573033707865,0.25,0.027777777777777776,0.18592964824120603,0.14130434782608695
231,231,14,Botanichesky Sad,Ботанический сад,"55.8460,37.6413",0.022900763358778626,0.09374999999999999,0.07883817427385892,0.026490066225165563,0.2921348314606741,0.3020833333333333,0.15277777777777776,0.20100502512562815,0.09782608695652173
232,232,14,Rostokino,Ростокино,"55.8400,37.6653",0.03816793893129771,0.06249999999999999,0.1037344398340249,0.033112582781456956,0.1348314606741573,0.30729166666666663,0.1388888888888889,0.5527638190954773,0.10869565217391303
233,233,14,Belokamennaya,Белокаменная,"55.8300,37.7006",0.0,0.03125,0.0,0.006622516556291391,0.02247191011235955,0.0,0.013888888888888888,0.0,0.010869565217391304
234,234,14,Bulvar Rokossovskogo,Бульвар Рокоссовского,"55.8172,37.7369",0.030534351145038167,0.052083333333333336,0.024896265560165973,0.033112582781456956,0.033707865168539325,0.20833333333333331,0.05555555555555555,0.24623115577889446,0.06521739130434781
235,235,14,Lokomotiv,Локомотив,"55.8039,37.7460",0.03816793893129771,0.3645833333333333,0.03734439834024897,0.026490066225165563,0.20224719101123595,0.20833333333333331,0.09722222222222221,0.18592964824120603,0.07608695652173914
236,236,14,Izmaylovo,Измайлово,"55.7886,37.7428",0.09923664122137404,0.15625,0.1908713692946058,0.059602649006622516,0.2696629213483146,0.32291666666666663,0.19444444444444442,0.26130653266331655,0.15217391304347824
237,237,14,Sokolinaya Gora,Соколиная гора,"55.7714,37.7451",0.03816793893129771,0.13541666666666666,0.05394190871369295,0.0,0.16853932584269662,0.18229166666666666,0.08333333333333333,0.11055276381909548,0.021739130434782608
238,238,14,Shosse Entuziastov,Шоссе Энтузиастов,"55.7590,37.7463",0.03816793893129771,0.09374999999999999,0.1037344398340249,0.026490066225165563,0.15730337078651685,0.2552083333333333,0.125,0.271356783919598,0.08695652173913043
239,239,14,Andronovka,Андроновка,"55.7411,37.7344",0.015267175572519083,0.09374999999999999,0.02904564315352697,0.033112582781456956,0.0,0.19270833333333331,0.027777777777777776,0.07537688442211056,0.09782608695652173
240,240,14,Nizhegorodskaya,Нижегородская,"55.7322,37.7282",0.04580152671755725,0.15625,0.07883817427385892,0.026490066225165563,0.0898876404494382,0.22395833333333331,0.08333333333333333,0.2964824120603015,0.08695652173913043
241,241,14,Novokhokhlovskaya,Новохохловская,"55.7239,37.7161",0.05343511450381679,0.052083333333333336,0.041493775933609964,0.026490066225165563,0.0,0.30729166666666663,0.05555555555555555,0.09547738693467338,0.04347826086956522
242,242,14,Ugreshskaya,Угрешская,"55.7183,37.6978",0.06870229007633588,0.14583333333333334,0.1078838174273859,0.046357615894039736,0.0898876404494382,0.296875,0.013888888888888888,0.20603015075376885,0.021739130434782608
243,243,14,Dubrovka,Дубровка,"55.7183,37.6978",0.06870229007633588,0.14583333333333334,0.1078838174273859,0.046357615894039736,0.0898876404494382,0.296875,0.013888888888888888,0.20603015075376885,0.021739130434782608
244,244,14,Avtozavodskaya,Автозаводская,"55.7063,37.6631",0.10687022900763359,0.20833333333333334,0.26556016597510373,0.11258278145695365,0.3595505617977528,0.5364583333333333,0.29166666666666663,0.4673366834170854,0.14130434782608695
245,245,14,ZIL,ЗИЛ,"55.6983,37.6483",0.05343511450381679,0.16666666666666666,0.1078838174273859,0.06622516556291391,0.19101123595505617,0.20833333333333331,0.05555555555555555,0.135678391959799,0.021739130434782608
246,246,14,Verkhnie Kotly,Верхние Котлы,"55.6900,37.6189",0.061068702290076333,0.09374999999999999,0.12448132780082989,0.026490066225165563,0.24719101123595502,0.375,0.1388888888888889,0.22613065326633167,0.18478260869565216
247,247,14,Krymskaya,Крымская,"55.6900,37.6050",0.04580152671755725,0.052083333333333336,0.11203319502074689,0.059602649006622516,0.19101123595505617,0.24479166666666666,0.2361111111111111,0.3618090452261306,0.13043478260869565
248,248,14,Ploshchad Gagarina,Площадь Гагарина,"55.7069,37.5858",0.09923664122137404,0.17708333333333334,0.1991701244813278,0.052980132450331126,0.3146067415730337,0.49479166666666663,0.29166666666666663,0.6130653266331658,0.16304347826086954
249,249,14,Luzhniki,Лужники,"55.7203,37.5631",0.07633587786259542,0.31249999999999994,0.23236514522821575,0.026490066225165563,0.696629213483146,0.4583333333333333,0.3472222222222222,0.3266331658291457,0.17391304347826086
250,250,14,Kutuzovskaya,Кутузовская,"55.7408,37.5333",0.1297709923664122,0.29166666666666663,0.3029045643153527,0.08609271523178808,0.3707865168539326,0.75,0.3611111111111111,0.5276381909547738,0.2608695652173913
251,251,14,Delovoy Tsentr,Деловой центр,"55.7472,37.5322",0.1450381679389313,0.32291666666666663,0.2904564315352697,0.09933774834437085,0.3820224719101123,0.7916666666666666,0.2638888888888889,0.6532663316582914,0.358695652173913
252,252,14,Shelepikha,Шелепиха,"55.7575,37.5256",0.015267175572519083,0.22916666666666666,0.07468879668049792,0.033112582781456956,0.06741573033707865,0.34375,0.2222222222222222,0.23618090452261306,0.10869565217391303
253,253,14,Khoroshyovo,Хорошёво,"55.7772,37.5072",0.030534351145038167,0.13541666666666666,0.06639004149377593,0.059602649006622516,0.14606741573033707,0.32291666666666663,0.19444444444444442,0.3165829145728643,0.21739130434782608
254,254,14,Zorge,Зорге,"55.7878,37.5045",0.07633587786259542,0.09374999999999999,0.1037344398340249,0.052980132450331126,0.2696629213483146,0.3489583333333333,0.3333333333333333,0.3316582914572864,0.08695652173913043
255,255,14,Panfilovskaya,Панфиловская,"55.7991,37.4988",0.09923664122137404,0.43749999999999994,0.1784232365145228,0.11920529801324503,0.348314606741573,0.4270833333333333,0.41666666666666663,0.39195979899497485,0.19565217391304346
256,256,14,Streshnevo,Стрешнево,"55.8136,37.4869",0.04580152671755725,0.4270833333333333,0.09958506224066391,0.026490066225165563,0.3370786516853932,0.34375,0.18055555555555555,0.2814070351758794,0.17391304347826086
257,257,14,Baltiyskaya,Балтийская,"55.8258,37.4961",0.061068702290076333,0.10416666666666666,0.22821576763485477,0.033112582781456956,0.3932584269662921,0.484375,0.2222222222222222,0.7336683417085427,0.09782608695652173
258,258,14,Koptevo,Коптево,"55.8397,37.5203",0.030534351145038167,0.3645833333333333,0.05394190871369295,0.026490066225165563,0.11235955056179775,0.265625,0.08333333333333333,0.14572864321608042,0.11956521739130435
259,259,14,Likhobory,Лихоборы,"55.8472,37.5513",0.03816793893129771,0.14583333333333334,0.02074688796680498,0.019867549668874173,0.0898876404494382,0.16666666666666666,0.16666666666666666,0.1256281407035176,0.07608695652173914
260,260,15,Kosino,Косино,"55.7033,37.8511",0.022900763358778626,0.052083333333333336,0.049792531120331954,0.039735099337748346,0.10112359550561797,0.20833333333333331,0.19444444444444442,0.2663316582914573,0.07608695652173914
261,261,15,Ulitsa Dmitriyevskogo,Улица Дмитриевского,"55.7100,37.8792",0.022900763358778626,0.03125,0.024896265560165973,0.033112582781456956,0.11235955056179775,0.10416666666666666,0.2361111111111111,0.135678391959799,0.0
262,262,15,Lukhmanovskaya,Лухмановская,"55.7085,37.9004",0.07633587786259542,0.03125,0.012448132780082988,0.033112582781456956,0.0898876404494382,0.13020833333333331,0.2361111111111111,0.10050251256281408,0.0
263,263,15,Nekrasovka,Некрасовка,"55.7036,37.9264",0.007633587786259542,0.0,0.016597510373443983,0.019867549668874173,0.0449438202247191,0.03645833333333333,0.15277777777777776,0.08542713567839197,0.010869565217391304
